Carlos Andr√© Guimar√£es Ferraz;Fernando Antonio Mota Trinta
Rodrigo Rebou√ßas de Almeida;Jacques Philippe Sauv√©
Andre Luis de Lucena Torres;Alisson Vasconcelos de Brito
Alexandre N√≥brega Duarte;Eduardo de Lucena Falc√£o
Alexandre N√≥brega Duarte;Lucas Ferrari de Oliveira
Alexandre N√≥brega Duarte;Valdecir Becker
Alexandre N√≥brega Duarte;Rohit Gheyi 
Alexandre N√≥brega Duarte;Jacques Philippe Sauv√©
Alexandre N√≥brega Duarte;Danilo Assis Nobre dos Santos Silva
Alexandre N√≥brega Duarte;Guilherme Ata√≠de Dias 
Alexandre N√≥brega Duarte;Pedro Batista de Carvalho Filho
Alexandre N√≥brega Duarte;Celso Alberto Saibel Santos 
Alexandre N√≥brega Duarte;Hozana Raquel Gomes de Lima
Alexandre N√≥brega Duarte;Rafael Pereira Baptista
Alexandre N√≥brega Duarte;Gerd Bruno da Rocha 
Alexandre N√≥brega Duarte;Marcus Costa Sampaio
Alexandre N√≥brega Duarte;Jo√£o Wandemberg Gon√ßalves Maciel
Alexandre N√≥brega Duarte;Reinaldo C√©zar de Morais Gomes
Alexandre N√≥brega Duarte;Ana Carla Alves de Sousa
Alexandre N√≥brega Duarte;Diego Moreira de Araujo Carvalho
Alexandre N√≥brega Duarte;Michael Angelo Henriques da Silva 
Alexandre N√≥brega Duarte;Guido Lemos de Souza Filho
Alexandre N√≥brega Duarte;Lucenildo Lins de Aquino J√∫nior
Alexandre N√≥brega Duarte;Andr√© Calisto Souza Medeiros Guedes
Alexandre N√≥brega Duarte;Teobaldo Leite Bulh√µes J√∫nior
Alexandre N√≥brega Duarte;Antonio Augusto Teixeira Ribeiro Coutinho
Alexandre N√≥brega Duarte;Jose Jorge Lima Dias Junior
Alexandre N√≥brega Duarte;Pablo Andrey Arruda de Araujo
Alexandre N√≥brega Duarte;Raquel Vigolvino Lopes
Alexandre N√≥brega Duarte;Carla Taciana Lima Lourenco Silva Schuenemann
Alexandre N√≥brega Duarte;Clauirton de Albuquerque Siebra
Alexandre N√≥brega Duarte;Clodoaldo Brasilino Leite Neto
Alexandre N√≥brega Duarte;Ana Fernanda Gomes Ascencio
Alexandre N√≥brega Duarte;Eug√™nio Rovaris Neto
Alexandre N√≥brega Duarte;Francisco Petr√¥nio Alencar de Medeiros
Alexandre N√≥brega Duarte;Tha√≠se Kelly de Lima Costa
Alexandre N√≥brega Duarte;L√≠via Maria Rodrigues Sampaio Campos
Alexandre N√≥brega Duarte;Ines de Castro Dutra
Alexandre N√≥brega Duarte;Alexandro de Souza Soares
Alexandre N√≥brega Duarte;Val√©ria Gon√ßalves Soares
Alexandre N√≥brega Duarte;Leandro Neumann Ciuffo
Alexandre N√≥brega Duarte;Adriana Carla Damasceno
Alexandre N√≥brega Duarte;Martin Alejandro Musicante 
Alexandre N√≥brega Duarte;Rodrigo Rebou√ßas de Almeida
Alexandre N√≥brega Duarte;Gustavo Henrique Matos Bezerra Motta 
Alexandre N√≥brega Duarte;Elmar Uwe Kurt Melcher 
Alexandre N√≥brega Duarte;Danielle Rousy Dias da Silva
Alexandre N√≥brega Duarte;Aquiles Medeiros Filgueira Burlamaqui
Alexandre N√≥brega Duarte;Andrey Elisio Monteiro Brito
Alexandre N√≥brega Duarte;Nazareno Ferreira de Andrade
Alexandre N√≥brega Duarte;√âwerton R√¥mulo Silva Castro
Alexandre N√≥brega Duarte;Paulo Alexandre Bressan
Alexandre N√≥brega Duarte;Andrei de Araujo Formiga
Alexandre N√≥brega Duarte;Gustavo S√°vio de Oliveira
Alexandre N√≥brega Duarte;Bernard Marie Marechal
Alexandre N√≥brega Duarte;Eloi Rocha Neto
Alexandre N√≥brega Duarte;Lucidio dos Anjos Formiga Cabral
Alexandre N√≥brega Duarte;Jorge Cesar Abrantes de Figueiredo
Alexandre N√≥brega Duarte;Patricia Duarte de Lima Machado
Alexandre N√≥brega Duarte;Felipe Maia Galv√£o Fran√ßa 
Alexandre N√≥brega Duarte;Ayla D√©bora Dantas de Souza Rebou√ßas
Alexandre N√≥brega Duarte;Heleno F√ºlber
Alexandre N√≥brega Duarte;Alisson Vasconcelos de Brito
Alexandre N√≥brega Duarte;Carlos Eduardo Coelho Freire Batista
Alexandre N√≥brega Duarte;Marcelo Sampaio de Alencar 
Alexandre N√≥brega Duarte;Michael Anthony Stanton 
Alexandre N√≥brega Duarte;Alex Sandro Gomes 
Alexandre N√≥brega Duarte;Roberto Felicio de Oliveira
Alexandre N√≥brega Duarte;Alexandre Scaico
Alexandre N√≥brega Duarte;S√©rgio de Oliveira
Alexandre N√≥brega Duarte;Andre Luis de Lucena Torres
Alexandre N√≥brega Duarte;Carlos Andr√© Guimar√£es Ferraz
Alexandre N√≥brega Duarte;Walfredo da Costa Cirne Filho
Alexandre N√≥brega Duarte;Tiago Maritan Ugulino de Ara√∫jo
Alexandre N√≥brega Duarte;Yuri Gil Dantas 
Alexandre N√≥brega Duarte;Felipe Lacet Silva Ferreira
Alexandre N√≥brega Duarte;Tatiana Aires Tavares
Alexandre N√≥brega Duarte;Rostand Edson Oliveira Costa
Alexandre N√≥brega Duarte;Fernando Antonio Mota Trinta
Alexandre N√≥brega Duarte;Francisco Vilar Brasileiro 
Alexandre N√≥brega Duarte;Agnaldo Volpe Lovato
Jacques Philippe Sauv√©;Francisco Vilar Brasileiro 
Jacques Philippe Sauv√©;Rodrigo Rebou√ßas de Almeida
Jacques Philippe Sauv√©;Walfredo da Costa Cirne Filho
Jacques Philippe Sauv√©;Alexandre N√≥brega Duarte
Jacques Philippe Sauv√©;Michael Angelo Henriques da Silva 
Jacques Philippe Sauv√©;Marcus Costa Sampaio
Jacques Philippe Sauv√©;Antonio Augusto Teixeira Ribeiro Coutinho
Michael Angelo Henriques da Silva ;Alexandre N√≥brega Duarte
Michael Angelo Henriques da Silva ;Jacques Philippe Sauv√©
Ines de Castro Dutra;Felipe Maia Galv√£o Fran√ßa 
Pablo Andrey Arruda de Araujo;Alexandre N√≥brega Duarte
Alisson Vasconcelos de Brito;Francisco Petr√¥nio Alencar de Medeiros
Alisson Vasconcelos de Brito;Guido Lemos de Souza Filho
Alisson Vasconcelos de Brito;Gustavo S√°vio de Oliveira
Alisson Vasconcelos de Brito;Andrei de Araujo Formiga
Alisson Vasconcelos de Brito;Elmar Uwe Kurt Melcher 
Alisson Vasconcelos de Brito;Andre Luis de Lucena Torres
Alisson Vasconcelos de Brito;Alex Sandro Gomes 
Alisson Vasconcelos de Brito;Roberto Felicio de Oliveira
Alisson Vasconcelos de Brito;Alexandre N√≥brega Duarte
Walfredo da Costa Cirne Filho;Jacques Philippe Sauv√©
Walfredo da Costa Cirne Filho;Francisco Vilar Brasileiro 
Walfredo da Costa Cirne Filho;Ayla D√©bora Dantas de Souza Rebou√ßas
Walfredo da Costa Cirne Filho;Alexandre N√≥brega Duarte
Walfredo da Costa Cirne Filho;Marcus Costa Sampaio
Andrey Elisio Monteiro Brito;Francisco Vilar Brasileiro 
Diego Moreira de Araujo Carvalho;Francisco Vilar Brasileiro 
Diego Moreira de Araujo Carvalho;Michael Anthony Stanton 
Diego Moreira de Araujo Carvalho;Felipe Maia Galv√£o Fran√ßa 
Celso Alberto Saibel Santos ;Guido Lemos de Souza Filho
Guido Lemos de Souza Filho;Danilo Assis Nobre dos Santos Silva
Guido Lemos de Souza Filho;Celso Alberto Saibel Santos 
Guido Lemos de Souza Filho;Lucenildo Lins de Aquino J√∫nior
Guido Lemos de Souza Filho;Clauirton de Albuquerque Siebra
Guido Lemos de Souza Filho;Aquiles Medeiros Filgueira Burlamaqui
Guido Lemos de Souza Filho;Alexandre N√≥brega Duarte
Guido Lemos de Souza Filho;Lucidio dos Anjos Formiga Cabral
Guido Lemos de Souza Filho;Carlos Eduardo Coelho Freire Batista
Guido Lemos de Souza Filho;Tiago Maritan Ugulino de Ara√∫jo
Guido Lemos de Souza Filho;Felipe Lacet Silva Ferreira
Guido Lemos de Souza Filho;Tatiana Aires Tavares
Guido Lemos de Souza Filho;Rostand Edson Oliveira Costa
Guido Lemos de Souza Filho;Francisco Vilar Brasileiro 
Roberto Felicio de Oliveira;Alisson Vasconcelos de Brito
Carlos Eduardo Coelho Freire Batista;Tiago Maritan Ugulino de Ara√∫jo
Carlos Eduardo Coelho Freire Batista;Guido Lemos de Souza Filho
Carlos Eduardo Coelho Freire Batista;Francisco Vilar Brasileiro 
Val√©ria Gon√ßalves Soares;Lucidio dos Anjos Formiga Cabral
L√≠via Maria Rodrigues Sampaio Campos;Francisco Vilar Brasileiro 
L√≠via Maria Rodrigues Sampaio Campos;Jorge Cesar Abrantes de Figueiredo
Danielle Rousy Dias da Silva;Clauirton de Albuquerque Siebra
Adriana Carla Damasceno;Patricia Duarte de Lima Machado
Clodoaldo Brasilino Leite Neto;Alexandre N√≥brega Duarte
Gustavo S√°vio de Oliveira;Alisson Vasconcelos de Brito
Gustavo S√°vio de Oliveira;Alexandre N√≥brega Duarte
Clauirton de Albuquerque Siebra;Danielle Rousy Dias da Silva
Felipe Lacet Silva Ferreira;Guido Lemos de Souza Filho
Felipe Lacet Silva Ferreira;Alexandre N√≥brega Duarte
Felipe Lacet Silva Ferreira;Tiago Maritan Ugulino de Ara√∫jo
Fernando Antonio Mota Trinta;Carlos Andr√© Guimar√£es Ferraz
Antonio Augusto Teixeira Ribeiro Coutinho;Jacques Philippe Sauv√©
Aquiles Medeiros Filgueira Burlamaqui;Guido Lemos de Souza Filho
Marcus Costa Sampaio;Jacques Philippe Sauv√©
Marcus Costa Sampaio;Jorge Cesar Abrantes de Figueiredo
Marcus Costa Sampaio;Walfredo da Costa Cirne Filho
Felipe Maia Galv√£o Fran√ßa ;Diego Moreira de Araujo Carvalho
Felipe Maia Galv√£o Fran√ßa ;Alexandre N√≥brega Duarte
Felipe Maia Galv√£o Fran√ßa ;Ines de Castro Dutra
Pedro Batista de Carvalho Filho;Alexandre N√≥brega Duarte
Ayla D√©bora Dantas de Souza Rebou√ßas;Francisco Vilar Brasileiro 
Ayla D√©bora Dantas de Souza Rebou√ßas;Walfredo da Costa Cirne Filho
Gustavo Henrique Matos Bezerra Motta ;Guido Lemos de Souza Filho
Gustavo Henrique Matos Bezerra Motta ;Tatiana Aires Tavares
Rostand Edson Oliveira Costa;Francisco Vilar Brasileiro 
Jorge Cesar Abrantes de Figueiredo;Elmar Uwe Kurt Melcher 
Jorge Cesar Abrantes de Figueiredo;Patricia Duarte de Lima Machado
Jorge Cesar Abrantes de Figueiredo;Francisco Vilar Brasileiro 
Jorge Cesar Abrantes de Figueiredo;L√≠via Maria Rodrigues Sampaio Campos
Jorge Cesar Abrantes de Figueiredo;Marcus Costa Sampaio
Jorge Cesar Abrantes de Figueiredo;Alexandre N√≥brega Duarte
Marcelo Sampaio de Alencar ;√âwerton R√¥mulo Silva Castro
Francisco Petr√¥nio Alencar de Medeiros;Alex Sandro Gomes 
Tatiana Aires Tavares;Gustavo Henrique Matos Bezerra Motta 
Tatiana Aires Tavares;Celso Alberto Saibel Santos 
Tatiana Aires Tavares;Guido Lemos de Souza Filho
Tatiana Aires Tavares;Aquiles Medeiros Filgueira Burlamaqui
Tatiana Aires Tavares;Tiago Maritan Ugulino de Ara√∫jo
Michael Anthony Stanton ;Diego Moreira de Araujo Carvalho
Michael Anthony Stanton ;Francisco Vilar Brasileiro 
Lucenildo Lins de Aquino J√∫nior;Guido Lemos de Souza Filho
Lucenildo Lins de Aquino J√∫nior;Alexandre N√≥brega Duarte
Lucenildo Lins de Aquino J√∫nior;Tiago Maritan Ugulino de Ara√∫jo
Lucenildo Lins de Aquino J√∫nior;Felipe Lacet Silva Ferreira
Tiago Maritan Ugulino de Ara√∫jo;Guido Lemos de Souza Filho
Tiago Maritan Ugulino de Ara√∫jo;Felipe Lacet Silva Ferreira
Tiago Maritan Ugulino de Ara√∫jo;Carlos Eduardo Coelho Freire Batista
Tiago Maritan Ugulino de Ara√∫jo;Francisco Vilar Brasileiro 
Tiago Maritan Ugulino de Ara√∫jo;Danilo Assis Nobre dos Santos Silva
Tiago Maritan Ugulino de Ara√∫jo;Tatiana Aires Tavares
Tiago Maritan Ugulino de Ara√∫jo;Alexandre N√≥brega Duarte
Tiago Maritan Ugulino de Ara√∫jo;Lucidio dos Anjos Formiga Cabral
√âwerton R√¥mulo Silva Castro;Marcelo Sampaio de Alencar 
Francisco Vilar Brasileiro ;Jacques Philippe Sauv√©
Francisco Vilar Brasileiro ;Diego Moreira de Araujo Carvalho
Francisco Vilar Brasileiro ;Guido Lemos de Souza Filho
Francisco Vilar Brasileiro ;Raquel Vigolvino Lopes
Francisco Vilar Brasileiro ;L√≠via Maria Rodrigues Sampaio Campos
Francisco Vilar Brasileiro ;Alexandro de Souza Soares
Francisco Vilar Brasileiro ;Leandro Neumann Ciuffo
Francisco Vilar Brasileiro ;Andrey Elisio Monteiro Brito
Francisco Vilar Brasileiro ;Alexandre N√≥brega Duarte
Francisco Vilar Brasileiro ;Patricia Duarte de Lima Machado
Francisco Vilar Brasileiro ;Jorge Cesar Abrantes de Figueiredo
Francisco Vilar Brasileiro ;Ayla D√©bora Dantas de Souza Rebou√ßas
Francisco Vilar Brasileiro ;Carlos Eduardo Coelho Freire Batista
Francisco Vilar Brasileiro ;Michael Anthony Stanton 
Francisco Vilar Brasileiro ;Walfredo da Costa Cirne Filho
Francisco Vilar Brasileiro ;Tiago Maritan Ugulino de Ara√∫jo
Francisco Vilar Brasileiro ;Rostand Edson Oliveira Costa
Alexandro de Souza Soares;Francisco Vilar Brasileiro 
Lucidio dos Anjos Formiga Cabral;Val√©ria Gon√ßalves Soares
Lucidio dos Anjos Formiga Cabral;Tiago Maritan Ugulino de Ara√∫jo
Patricia Duarte de Lima Machado;Francisco Vilar Brasileiro 
Patricia Duarte de Lima Machado;Jorge Cesar Abrantes de Figueiredo
Patricia Duarte de Lima Machado;Alexandre N√≥brega Duarte
Patricia Duarte de Lima Machado;Adriana Carla Damasceno
Andr√© Calisto Souza Medeiros Guedes;Carla Taciana Lima Lourenco Silva Schuenemann
Andr√© Calisto Souza Medeiros Guedes;Jose Jorge Lima Dias Junior
Andr√© Calisto Souza Medeiros Guedes;Alexandre N√≥brega Duarte
Elmar Uwe Kurt Melcher ;Alisson Vasconcelos de Brito
Elmar Uwe Kurt Melcher ;Jorge Cesar Abrantes de Figueiredo
Gerd Bruno da Rocha ;Lucidio dos Anjos Formiga Cabral
Raquel Vigolvino Lopes;Francisco Vilar Brasileiro 
Leandro Neumann Ciuffo;Francisco Vilar Brasileiro 
Alex Sandro Gomes ;Francisco Petr√¥nio Alencar de Medeiros
Danilo Assis Nobre dos Santos Silva;Guido Lemos de Souza Filho
Danilo Assis Nobre dos Santos Silva;Tiago Maritan Ugulino de Ara√∫jo
Danilo Assis Nobre dos Santos Silva;Tatiana Aires Tavares
Eduardo de Lucena Falc√£o;Alexandre N√≥brega Duarte
Eduardo de Lucena Falc√£o;Tiago Maritan Ugulino de Ara√∫jo
